<?xml version="1.0" encoding="UTF-8" standalone="yes"?>
<addon id="plugin.video.rohwrestling" name="Ring of Honor Wrestling" version="1.0.0" provider-name="BludhavenGrayson">
    <requires>
        <import addon="xbmc.python" version="2.1.0"/>
    </requires>
    <extension point="xbmc.python.pluginsource" library="default.py">
        <provides>video</provides>
    </extension>
    <extension point="xbmc.addon.metadata">
        <platform>all</platform>
        <summary>Watch ROH TV</summary>
        <description>Watch the weekly ROH TV show by Ring of Honor from their official website at rohwrestling.com.</description>
		<disclaimer lang="en">The author is not responsible for the media you find in this add-on.</disclaimer>
    </extension>
	
</addon>
